{"cameraMode":{"drawMode":0,"name":"Shaded","section":"Shading Mode"},"sceneLighting":true,"audioPlay":false,"sceneViewState":{"showFog":true,"showMaterialUpdate":false,"showSkybox":true,"showFlares":true,"showImageEffects":true,"showParticleSystems":true},"in2DMode":false,"pivot":{"x":-1.2961312532424927,"y":-1.4695372581481934,"z":1.3690237998962403},"rotation":{"x":-0.4426732659339905,"y":-0.12914156913757325,"z":0.0645996704697609,"w":-0.884990394115448},"size":10.10989761352539,"orthographic":false}