{"cameraMode":{"drawMode":0,"name":"Shaded","section":"Shading Mode"},"sceneLighting":false,"audioPlay":false,"sceneViewState":{"showFog":true,"showMaterialUpdate":false,"showSkybox":true,"showFlares":true,"showImageEffects":true,"showParticleSystems":true},"in2DMode":false,"pivot":{"x":-1.5316470861434937,"y":-5.507809638977051,"z":-1.0153274536132813},"rotation":{"x":-0.12416524440050125,"y":0.01517714373767376,"z":-0.001900493516586721,"w":-0.992151141166687},"size":37.35209274291992,"orthographic":false}